id,type,geometry_json,polygon_ids
area_0,monolith,"[[32.0794914, 34.7811426], [32.079464, 34.7811479], [32.0794471, 34.7811595], [32.0794333, 34.7811784], [32.079329, 34.7811761], [32.0793299, 34.781224], [32.0793239, 34.7813189], [32.07887, 34.7813248], [32.0788891, 34.7813891], [32.0793296, 34.7813959], [32.0795023, 34.7813994], [32.0795903, 34.7814025], [32.0801453, 34.781424], [32.0801633, 34.7814239], [32.0801789, 34.7814238], [32.0803189, 34.7814191], [32.0802802, 34.7819924], [32.0802763, 34.7820507], [32.0803142, 34.7820547], [32.0809369, 34.7821201], [32.081102, 34.7821095], [32.0813192, 34.7820788], [32.0815359, 34.782039], [32.0815592, 34.7820308], [32.08155, 34.7819816], [32.0815426, 34.7819206], [32.0815363, 34.7818742], [32.0814933, 34.7814579], [32.0817212, 34.7814496], [32.0817215, 34.7814033], [32.0817229, 34.7812726], [32.0817242, 34.7811431], [32.0816382, 34.7811391], [32.0815839, 34.7811388], [32.0815825, 34.7811248], [32.081598, 34.7801681], [32.0815977, 34.7801062], [32.0816358, 34.7801067], [32.0816801, 34.7799571], [32.081662, 34.7798909], [32.0816103, 34.7798821], [32.081563, 34.7798705], [32.0815285, 34.7798616], [32.0814219, 34.7798336], [32.0814083, 34.779915], [32.0812356, 34.779909], [32.0807533, 34.7799102], [32.080694, 34.7799096], [32.0796567, 34.7799018], [32.0795561, 34.7799011], [32.0794975, 34.7799007], [32.079498, 34.7799796], [32.0794971, 34.7800369], [32.0794967, 34.7802151], [32.0794914, 34.7811426]]","[""poly_0"", ""poly_1"", ""poly_2"", ""poly_3"", ""poly_4"", ""poly_5"", ""poly_6"", ""poly_7"", ""poly_8"", ""poly_9"", ""poly_10"", ""poly_11"", ""poly_12"", ""poly_13"", ""poly_14"", ""poly_15"", ""poly_16"", ""poly_17"", ""poly_18"", ""poly_19"", ""poly_20"", ""poly_21"", ""poly_22"", ""poly_23"", ""poly_24"", ""poly_25"", ""poly_26"", ""poly_27"", ""poly_28"", ""poly_29"", ""poly_30"", ""poly_31"", ""poly_32"", ""poly_33"", ""poly_34"", ""poly_35"", ""poly_36"", ""poly_37"", ""poly_38"", ""poly_39"", ""poly_40"", ""poly_41"", ""poly_42"", ""poly_43"", ""poly_44""]"
